8|由百位明星共同演唱的奥运歌曲《北京欢迎你》的曲作者是谁？|李宇春|那英|孙燕姿|小柯|4
8|电视剧《情深深雨蒙蒙》中饰演“杜飞”的是哪位台湾男星？ |苏有朋|古巨基|高鑫|吴奇隆|1
8|著名歌手陈奕迅的妻子是谁？|徐濠萦|蒙嘉慧|江蕙|罗美薇|1
8|韩剧《大长今》中饰演闵政浩，主演了《如果爱》的男星是谁？|池珍熙|金贤重|李准基|李敏镐|1
8|电影《铜雀台》中，苏有朋扮演的是谁？|曹操|汉献帝|许褚|穆顺|2
8|以《祝你平安》红遍大江南北的内地女歌手是谁？|孙燕姿|毛阿敏|刘若英|孙悦|4
8|执导了电影《二次曝光》的著名女导演是？|范冰冰|马俪文|李玉|李少红|3
8|歌词“东方之珠，我的爱人”中的东方之珠指的是哪个城市？ |香港 |深圳|台湾|广州|1
8|周杰伦的MV《枫》和刘畊宏的哪首歌曲的mv共同组成了一个完整的故事？|《心痛心动》|《十一月的肖邦》|《彩虹天堂》|《心灵交战》|3
8|28年作为央视春节联欢晚会结尾曲的歌曲叫什么名字？|难忘今宵|新年快乐歌|同一首歌|快乐就是这么简单|1 
8|新版《还珠格格》中饰演容嬷嬷的是？|赵丽颖|海陆|李晟|方青卓|4
8|“是我对你认识太少，还是我自己想的太多”这首《两个人的烟火》是香港四大天王中的哪一位演唱的？|周华健|刘德华|黎明|张学友|3
8|陈景润是被哪个数学家发掘并培养的？|丘成桐|陈省身|苏步青|华罗庚|4
8|越剧《十八相送》是描写了哪段古代爱情故事中的情节？|梁山伯与祝英台|牛郎织女|罗密欧与朱丽叶|孟姜女哭长城|1 
8|吴承恩小说《西游记》当中，唐僧在哪条河收了沙和尚做徒弟？|流沙河|黄河|长江|澜沧江|1 
8|代表作品有《家后》，被誉为“台语歌后”的是哪位台湾女歌手?|张悬|王心凌|张惠妹|江蕙|4 
8|被称为“文艺复兴的摇篮”的是哪一座意大利城市？|罗马|佛罗伦萨|米兰|那不勒斯|2
8|被称为美国“石油大王”，标准石油公司的创立者是谁？|约翰逊|威廉姆斯|洛克菲勒|布朗琼斯|3 
8|主演了《心灵捕手》《谍影重重》《十三罗汉》的是哪位好莱坞男星？|马特达蒙|约翰尼德普|莱昂纳多斯|阿尔帕西诺|1
8|电影《莫扎特传》中，莫扎特临终前写的最后一首曲子是什么？|生命交响曲|命运交响曲|安魂曲|催眠曲|3
8|白宫时美国总统的官邸，那么爱丽舍宫是哪个欧洲国家的总统的官邸？|爱尔兰|英国|法国|比利时|3
8|“跟我走吧，天亮就出发”这首《快乐老家》原唱是哪位内地女歌手？|孙悦|周迅|江蕙|陈明|4
8|近期上映的电影《太极1从零开始》、《太极2英雄崛起》的导演是谁？|谢晋|冯德伦|陈国星|黄健中|2
8|李安的电影《卧虎藏龙》是改编自哪位作家创作的同名小说？|袁腾飞|张晓风|王度卢|林清玄|3 
8|主演了《野草闲花》《三个摩登女性》的是哪位有“民国四大美女”之称的女性？|张爱玲 |林徽因|陆小曼|阮玲玉|3
8|以下哪些是史蒂文 斯皮尔伯格的代表作?|侏罗纪公园|星球大战|变形金刚|哈利波特|1
8|电影 《钢铁侠》的扮演者是下面哪一位演员?|汤姆克鲁斯|小罗伯特汤尼|布拉德皮特|罗伯特唐尼|2
8|电影《投名状》改编自清末四大奇案之一，请问是哪个奇案？|杨乃武与小白菜案|名伶杨月楼冤案|太原奇案|张文祥刺马案|3 
8|获得第五十九届奥斯卡最佳原著剧本奖，执导《汉娜姐妹》的鬼才导演是谁？|伍迪艾伦|李安|奥地利|4雪莉贝西|1
8|美国第一位由影坛跨入政坛的总统是谁？|里根|奥巴马|布什|福布斯|1
8|莫文蔚和周迅均重新演绎的歌曲《外面的世界》翻唱了哪位台湾男歌手的作品？|张学友|周华健|黎明|H齐秦|4
8|与包拯齐名，因其两袖清风，刚正不阿而被后人称为“海清天”的明朝功臣是谁？|李善长|刘伯温|海瑞|朱家雄|3
8|古代文学理论著作《文心雕龙》是哪位南朝文学理论家的著作？|萧统|沈约|谢眺|刘勰|4
8|香港组合Twins的粤语歌曲《下一站天后》的国语版歌名是什么？|下一站天后|死性不改|莫斯科没有眼泪|星光游乐园|3
8|电影《朗读者》《革命之路》中担任主演的英国籍著名女演员是谁？|奥黛丽赫本|艾玛沃特森|凯瑟琳|凯特温斯莱特|4
3|欧洲最高峰?|厄尔布鲁士山|夏蒙尼?勃朗峰|少女峰|乞力马扎罗山|1
3|世界最大的半岛?|朝鲜半岛|阿拉伯半岛|印度半岛|索马里半岛|2
7|古诗“会当凌绝顶，一览重山小”说的是我国著名的哪一座山?|泰山|黄山|庐山|华山|1
3|世界上面积最大的平原是?|东欧平原|西西伯利亚平原|亚马孙平原|密西西比河平原|3
3|世界平均海拔最低的国家是?|荷兰|巴西|哈萨克斯坦 |巴里|1
3|目前观测到的距地球最近的一颗恒星位于?|织女座|仙女座|半人马座|大熊座|3
3|亚洲最大的半岛是?|中南半岛 |辽东半岛|阿拉伯半岛|印度半岛|3
3|“三北”防护林体系不包括的省区有?|黑龙江 |山西|河南|青海| 3
3|下列人种的分布中，纯属人口迁移造成的是?|非洲白色人种 |澳洲棕色人种|亚洲白色人种|美洲黑色人种|4
2|黄金与其它金属混合可以制成五颜六色的色金首饰，当黄金与铜按比例混合，能制成?|赤色金|褐色金|红色金|黄色金|3
1|长期使用铝制品作为食品容器会引发下列哪种疾病?|老年痴呆症|甲状腺肿大|肠胃疾病|癌症|1
1|绿色蔬菜营养营养丰富，下列不属于绿色蔬菜所含营养物质的为?|钙质|叶酸|维生素|维生素1|1
1|夏天被蚊虫的叮咬时，用可以迅速止痒。|盐|醋|酱油|浓肥皂|4
2|下列不属于混合物的是|碘酒|冰水混合物(H2O)|清新的空气|糖水|2
2|下列各组物质中，前者是纯净物，后者是混合物的是?|糖水，白酒|铁矿石，氧气|冰水混合物，盐水|氮气，氧气|3
2|下列物质属于纯净物的是?|玻璃 |蒸馏水|漂白粉|空气|2
4|东汉末年汉献帝名为?|刘邦|刘协|刘表|刘宏|2
4|1915年由陈独秀创办的，成为“新文化运动”主阵地的刊物是?|《新青年》|《红旗杂志》|《创造月刊》|《新民日报》|1
4|后世尊称的“药王”是？|华佗|孙思邈|李时珍|扁鹊|2
4|历史上推翻西晋王朝的少数民族是？|匈奴|鲜卑|羌族|契丹|1
4|澳门回归的日期是？|1998.7.1|1997.7.1|1998.12.20|1999.12.20|4
4|四大名亭中的陶然亭是因为谁的诗句得名的？|欧阳修|白居易|陶渊明|杜牧|2
8|2014年第九届中国作家富豪榜排名第一的是?|张嘉佳|郭敬明|刘同|南派三叔|1
4|名著《三国演义》中，曹操中了周瑜的反间计，杀了张允和哪位水军大将？|夏侯惇|张辽|乐进|蔡瑁|4
4|与西施有“浣纱双姝”之称，和西施一起送吴国的美女是谁?|郑旦|施夷光|越女|嬴弄玉|1
4|创立了解析几何学的是哪位法国数学家?|笛卡尔|韦达|帕斯卡|嘉当|1
4|科举制开始于哪个朝代?|唐朝|隋朝|宋朝|元朝|2
4|京杭大运河是哪个皇帝在位时修建的|隋文帝|李世民|隋炀帝|李渊|3
4|《西游记》作者吴承恩是哪个朝代人？|明|唐|宋|元|1
4|中国沦为半殖民地半封建社会的开端是？|鸦片战争|第二次鸦片战争|甲午战争|八国联军侵华战争|1
4|齐国在齐桓公统治时期国力强盛，主要是因为重用了一位贤相，他就是?|管仲 |李斯 |魏征 |诸葛亮|1
1|蟑螂，也就是我们俗称的小强，它的头被切掉后还可以存活多长时间?|5-10分钟|1-3小时|6-10天|1个星期左右|4
6|下列植物的结构不属于叶的是?|仙人掌的刺|我们吃的洋葱|大豆的子叶|竹叶|2
6|下列动物中，属于鱼类的是?|甲鱼|鳝鱼|鲸鱼|娃娃鱼|2
6|世界上最小的鸟是|蜂鸟|麻雀|燕子|海鸥|1
6|古人有“拼死吃河豚”一说，河豚的毒素主要在那个部分?|肌肉|大脑|皮肤|肝脏|4
5|欧洲足球五大联赛正式比赛中历史进球数最多的人是？|德尔?皮耶罗|劳尔|亨利|盖德?穆勒|4
5|历史上唯一在欧洲足球五大联赛都效力过的球员是|拉杜乔尤|沙维尔|伊布拉希莫维奇 |海因策|1
5|第一个进军欧洲五大联赛的中国足球运动员是？|杨晨|孙祥|孙继海|范志毅|1
5|于1997-1998赛季创造了以“升班马”的姿态勇夺德甲联赛冠军的球队是？|凯泽斯劳滕|摩纳哥 |诺丁汉森林|阿贾克斯|1
5|在NFL历史上获得超级碗冠军数最多的队伍是？|巴尔的摩乌鸦|丹佛野马|新英格兰爱国者 |匹兹堡钢人|4
4|提出著名的韦达公式的数学家韦达，是哪国人？|英国|法国|德国|俄国|2
4|伟大的文学家、革命家鲁迅先生逝世于哪一年？|1936|1937|1938|1939|1
8|好莱坞大片《云图》中，饰演“星美451”的韩国女星是谁?|金妍儿|朴敏英|裴斗娜|韩胜妍|3
4|创立了解析几何学的是哪位法国数学家?|笛卡尔|韦达|帕斯卡|嘉当|1
1|下列哪些蚊子会吸人的血?|雄蚊|雌蚊|幼蚊|所有蚊子|2
7|作品结局“意料之外，情理之中”是评价下列哪位作家的作品？|莫泊桑|契诃夫|福楼拜|欧?亨利|4
7|文学界有“通俗小说之王”美誉的是？|海明威 |契诃夫|大仲马(改为亚历山大.仲马) |小仲马|3
7|以下不是现代奇幻文学之父托尔金的著作的是？|《魔戒》|《冰与火之歌》|《霍比特人》|《精灵宝钻》|2
7|以下不是西方奇幻三巨头的作品是？|《时光之轮》|《魔戒》|《冰与火之歌》|《地海传奇》|4
2|用手电筒同时斜射在一面镜子和一张灰色纸上，观察发现？|镜子亮|灰纸亮|一样亮|不一定|2
2|一朵花放在夹角为60°两面镜子中间，从镜子里可以看到？|2朵|4朵|5朵|8朵|3
2|彩色电视荧光屏上的彩色是3种光合成的？|蓝、黄、绿| 红、黄、绿|红、黄、蓝|红、绿、蓝|4
2|黄昏时，太阳呈红色，是因为黄昏时？|太阳发出较多的红光|阳光经过空气的路途较长|太阳距地球较近|太阳距地球较远|2
2|物体做曲线运动时，一定变化的物理量是？|速率|速度|加速度|合外力|2
2|想从镜子里看到放大的像应该使用？|凸面镜|凹面镜|平面镜|透视镜|2
2|南极海洋上的浮冰的味道是？|淡的|和海水一样咸|比海水咸|苦的|1
2|一定量的理想气体，在等压过程中对外做功200J，若此气体是刚性双原子气体分子，则需要吸热？|500J|700J|900J|1100J|2
2|大气臭氧层的主要作用？|有助于杀菌|反射电磁波 |吸收阳光中的紫外线 |好看|3
2|冬天下雪后，为了融雪要在马路上撒盐因为？|盐和冰混合后熔点提高 |盐和冰混合后熔点降低|盐和冰发生化学反应 |防止有人吃雪|2
2|鞋底、轮胎上都有凹凸不平的花纹，这主要是为？|增大受力面积，减少压强 |减少受力面积，增大压强|使接触面粗糙，增大摩擦 |增强产品的美观|3
1|请问以下哪种乐器属于铜管乐器？|大提琴|黑管|大号 |萨克斯|4
7|在《美育书简》中谁提出了“游戏说”?|席勒 |亚里士多德 |柏拉图 |歌德|3
7|以下属于古典音乐时期的音乐作品是？|《四季》|《月光奏鸣曲》|《十二钢琴平均律》|《哈利路亚》|1
7|威尔第一生创作了大量的音乐作品，其中以歌剧作品最为著名，下面哪部歌剧不是他的作品？|《奥赛罗》|《游吟诗人》|《阿依达》|《梦游女》|4
8|《流星花园》是由哪个组合主演的？|加油男孩|飞轮海|F4|S.H.E|3
8|被称为“包子”的小龙女饰演者是？|赵丽颖|刘亦菲|林心如|陈妍希|4
8|每年春晚结尾曲的曲名是？|难忘今宵|双截棍|匆匆那年|因为爱情|1
8|陈奕迅毕业于哪一所大学？| 香港科技大学| 香港中文大学|英国金斯顿大学|英国皇家音乐学院|3
8|粉丝一般称张国荣为什么? |荣哥|哥哥|大哥|荣荣|2
8|邓超的妻子是？|孙俪 |文章|郑凯|陈赫|1
8| 黄晓明的出生地是？|北京| 福建|上海|山东|4
4|康有为的维新思想吸收了西方资本主义政治学说的内容其中最主要的是？|民主共和思想|三权分立学说|君主立宪思想|人文主义思想|3
4|中国人民政治协商会议是？|权力机关|政权组织形式|爱国统一战线组织|民间社团组织|3
4|“发展体育运动，增强人民体质“是我国哪位领导人的题词|毛泽东|周恩来|邓小平|贺龙|1
4|我国是在哪个时期进入奴隶社会的？|夏|商|战国|秦|1
4|下列农民起义哪次是洪秀全领导的？|大泽乡起义|黄巾起义|赤眉起义|太平天国起义|4
4|美国第一任总统是谁？|林肯|华盛顿|罗斯福|杜鲁门|2
4|日前，朝鲜核武器被推上风口浪尖，尤其领导人金正恩，请问他的父亲是?|金日成|金正日|金正男|金正哲|2
4|英国英格兰独立事件在哪一年得到解决?|2012|2014|2016|2015|2
5| 在N21中，十五次入选N21最佳防守阵容(历史排名第一)的球员是|科比.布莱恩特|凯文.加内特|蒂姆.邓肯|比尔.拉塞尔|3
5|2006年第十八届德国世界杯的冠军是?|巴西|阿根廷|意大利|德国|3
5|有飞人之称的美国著名篮球运动员迈克尔乔丹于哪一年正式退役?|1993|1998|2003|2004|3
5|现今尚不属于奈?史密斯篮球名人纪念堂(N21名人堂)的球员是？|迈克尔?乔丹|卡里姆?贾巴尔|雷吉-米勒|科比?布莱恩特|4
5|不属于N21西部球队的是？|纽约尼克斯队|丹佛掘金队|萨克拉门托国王队|犹他爵士队|1
5|2008年N21总决赛赛冠军是？|洛杉矶湖人|波士顿凯尔特人|迈阿密热火|圣安东尼奥马刺队|2
2|科学揭示燃烧现象的是？|波兰的哥白尼|英国的牛顿|法国的拉瓦锡|俄国的门捷列夫|3 
2|最早创造数字的是？|阿拉伯人|希腊人|印度人|罗马人|3
2|发现行星运动定律的天文学家是？|哥白尼|伽利略|开普勒|张衡|2
2|在第二次工业革命中，首先制成发电机的是？|迈克尔·法拉第|爱迪生|贝尔|西门子|4
2|1903年，美国人谁制造出了飞机？|莱特兄弟|富尔顿|福特|瓦特|1
2|第一个研制成功原子弹的国家是？|美国|苏联|英国|中国|1
2|目前世界上拥有核武器的国家不包括？|印度和巴基斯坦|美国、英国、法国|中国和俄国|德国和日本|4
2|目前世界软件出口最大的发展中国家是？|印度|巴西|埃及|中国|1
2|根据板块构造学说，地球的岩石圈分为六大板块，而惟一全是海洋的板块是？|太平洋板块|印度洋板块|亚欧板块 |南极洲板块|1
2|九大行星中不属于类地行星的是？|水星|金星|火星|土星|4
2|我国南方的梅雨属于?|地形雨|对流雨|锋面雨|雷阵雨|3
2|一般来说，海拔每升高1000米，气温下降?| 3℃| 4℃| 1℃| 2℃|1
2|决定生物由水生——陆生、简单——复杂、低等——高等的方向发展的原因?|遗传|变异|生存斗争|自然选择|4 
2|太阳系中，中心天体太阳的质量约占太阳系总质量的?|91%|93.7%|98.6%|99.8%|4
2|运用试管香蕉技术来推广优良香蕉品种，这种技术属于？|基因工程|细胞工程|酶工程|发酵工程|2
2|目前国际公认的高技术前沿是指?|航天航空技术|计算机与信息技术|生物技术|新材料技术|2
2|电能是用途最广泛的能源之一，它属于?|二次能源|一次能源|不可再生能源|可再生能源|1
2|21世纪高技术的核心是？|信息技术|生物技术|新能源技术|航天技术|2
2|中国成功发射第一颗人造卫星是在？|1970年4月24日|1964年4月24日|1976年4月24日|1978年4月24日|1
2|GPS是什么的简称？|全球通讯系统|全球定位系统|全球预警系统|全球网络系统|2
2|按照目前近代物理研究的最新成果，物质的最小的构成单位是？|质子|中子|强子|夸克|4
2|纳米是一种？|水稻的一种|长度单位|粒子|时间单位|2
2|一天之中气温最高值出现在？|正午时分|午时2时前后|上午8-9点钟|日落之时|2
2|20世纪60年代，最先到达月球的地球人类是？|美国人|苏联人|英国人|中国人|1
2|新西兰的几维鸟是曾与恐龙生活在同一时代的古老鸟类，它？|有翅无尾  |有尾无翅    |无尾无翅    |有尾有翅|3
2|属于国家一类保护动物的是？|天鹅   |娃娃鱼    |孔雀   |丹顶鹤|4
2|小王家的水壶中积有大量水垢，长期饮用此壶中水的人？|易得结石症  |易得心血管疾病  |易得胃溃疡 |健康不受影响|4
2|非洲国家边界按什么划分的最多？|直线或曲线的几何方法  |经线或纬线    |河流、山脉等自然地貌|民族|2
2|“三十年河东，三十年河西”中的“河”最初是指？|黄河  |淮河 |长江  |汾河|1
2|下列河流哪一条是世界流程最长？|尼罗河] |长江]|亚马孙河 |密西西比河|1
2|世界十大环境污染之首是？|垃圾污染  |大气污染   |土地荒漠污染 |水体污染|2
2|我国第一部有声影片是？|《四郎探母》 |《定军山》|《林则徐》|《玉人何处》|1
2|55个少数民族中，通用汉语的是哪两个民族？|蒙古、满|苗、藏|回、布依|满、回|4
2|牙膏的主要原料是?|摩擦剂|保湿剂|泡沫剂|香味剂|1
2|如果把红色的西红柿放在蓝色光下观看，西红柿是什么颜色的?|红色|蓝色|黑色|紫色|3  
2|造成温室效应的气体，即被称为“温室气体”，以下不是“温室气体”的是|二氧化碳|甲烷|氟氯烃|一氧化碳|4
2|穿什么颜色衣服的人最容易被蚊子叮？|黑色|红色|黄色|白色|1
2|不锈钢中的什么元素使这种合金钢不生锈?|碳 |铁|铬|铝|3
2|飞机起飞与降落时，如下哪种情况最有利于安全保障？|顺风起飞，顺风降落| 顺风起飞，逆风降落|逆风起飞，顺风降落 | 逆风起飞，逆风降落|4
2|将红色颜料与哪中颜料可配成紫色？|蓝|绿|黄|灰|1
2|爱因斯坦生于|德国|法国|美国|瑞典|1
2|正常人应有牙齿多少颗？|32|30|34|36|1
2|人的五官中哪个感觉反应最快？|嗅觉|视觉|听觉|味觉|4
2|我国不受寒潮影响的地区是？|雅鲁藏布江谷地|海南岛|台湾岛|汾河谷地|1
2|诱发海啸的原因是？|台风 |龙卷风|海底地震 |大陆地震|3
2|中秋节那天月亮升起的时刻是？|日落时|子夜|中午|日出前2小时|1
2|天气预报“今天阴有小雨”，小雨的降雨量为多少？ |15毫升以下|20毫升以下|25毫升以下|30毫升以下|1
2|人体最大的器官是？|大脑|肌肉|骨骼|皮肤|4
2|地球的周围有4个圈层,最外层称为 什么？ |大气圈|水圈|土壤岩石圈|生物圈|1
2|根据空气密度与高度的关系把大气分为几层？|3|4|5|6|3
2|天然水体最大的污染源是什么？|工业污水 农田污水|工业污水生活污水|生活污水 农田污水|酸雨生活污水 |2
2|下列不属于世界四大科学难题的是？|人体基因结构|宇宙中的黑暗物质|受控核聚变|纳米技术|4
2|激光器产生于？|1953|1961|1960|1948|1
2|计算机网络最突出的优点是?|共享资源|精度高|运算速度快|内存容量大|1
2|电子计算机技术在半个世纪中虽有很大进步,但至今其运行仍遵循着一位科学家提出的基本原理。他就是？|牛顿|爱因斯坦|爱迪生|冯·诺依曼|4
2|国务院发布的《计算机软件保护条例》开始施行的日期是？|1985年6月|1990年8月|1991年10月|1992年1月|3
2|一个完整的计算机系统应该包括？|计算机及其外部设备|主机,键盘,显示器|系统软件与应用软件|硬件系统与软件系统|4
2|下列存储设备中,断电后其中信息会丢失的是？|ROM|RIM|硬盘|软盘|2
2|用晶体管作为电子器件制成的计算机属于？|第一代|第二代|第三代|第四代|2
2| 世界上最大的哺乳动物是|大象|蓝鲸|野马|鲨鱼|2
1|感冒忌用下列哪一种食物？|海鱼|豆浆|青菜|生姜|1
1|老年人一天吃几只鸡蛋才合适 |2只|1~2只|1只|2~3只|2  
1|酒中含有酒精，饮酒过多或经常饮酒，会造成酒精中毒，使身体受损，那么，饮酒对人体的哪些器官最为有害？|眼睛 |皮肤|心脏 |肺 |3 
1|苹果中含有增强记忆力的微量元素是？|铁|锌|钙|碘|2
1|吃太多手摇爆米花机爆出的米花会导致？|锡中毒|铅中毒|铬中毒|碘中毒|2
1|方便面里必然有哪种食品添加剂？|防腐剂|合成抗氧化剂 |食用色素|漂白剂|2
1|低盐饮食有利于预防什么疾病？|乙型肝炎|糖尿病|高血压|贫血|3
1|碘缺乏会导致儿童、青少年？|甲亢|无力|心理疾病|生长发育和智力受影响|4
1|夏季在烈日下工作或运动量过大出汗多时，为预防中暑应多喝？ |糖水|糖醋水|盐开水|白开水 |3
1|烧菜时最好在何时加碘盐以减少碘的损失？|烧菜前用碘盐爆锅|烧菜加水后|烧菜加水前|菜将出锅时|4
1|某人由于营养不良，身体浮肿，其食疗补救措施是|多吃蔬菜 |多喝豆汁 |多吃馒头|多喝水|2
1|下列不属于营养物质的是|食物中的葡萄糖 |肝糖元分解形成的葡萄糖|饮水中的碘|食物中的胡萝卜素|2
1|在人的一生中，脑发育的最关键时期是？|胎儿期和婴儿期 |婴儿期和儿童期|儿童期和青春期|青春期和婴儿期|1
1|自然界中，有“智慧元素”之称的是|铁|碘|钙|锌|2
1|食品的保质期是指它的？|生产日期|最终食用期|最佳食用期|出厂日期|3
1|以下哪种食品可以食用?|发霉的茶叶|发芽的土豆|变绿的豆芽|变红的汤圆|3 
1|出现食物中毒症状或者误食化学品时，最先采取的急救措施是？|催吐|吃止泻药物|进行人工呼吸|向卫生防疫部门报告|1
1|铜器与什么不宜长久接触，否则会产生铜绿。用生有铜绿的铜器盛放食品或烹炒菜肴易中毒？|酱油|花椒面|味精|醋|4
1|店灯丝断了，把灯泡晃了晃使灯丝又搭上了，再用的时候会发现？|灯比原来亮了|灯比原来暗了|跟原来一样|不会亮了|1
1|树干为什么常常刷成白色？|防火|灭菌|防牲畜啃食|保暖|2
1|汽车轮胎上的沟纹主要作用是？|减轻车身重量|排除雨水和泥水|增加车身的缓冲|增加与地面的摩擦|1
1|白炽灯用久了会发黑是为什么？|钨丝氧化|钨丝升华|玻璃老化|外表面有灰尘|2
1|下面提供的几种识别矿泉水真假的方法哪一种是错误的？|在日光下无色透明|折光率比自来水大|矿化度比自来水大|矿物质比自来水多|1
1|在一个温度恒定的室内，你赤脚站在瓷砖上觉得比站在棉花上冷是因为？|棉花温度较高|瓷砖导热较快|瓷砖温度低|身体的错觉|2
1|闹钟装入塑料兜并放入水中，闹钟的声音是？|听得清楚|听起来时隐时现|听不到声音|听不清楚|1
1|以下哪种锅炒菜更科学？|铁锅|铝锅|不锈钢锅|陶瓷器|1
1|不能用开水煎中药的原因是？|会杀死植物性中药的有效细胞|开水会使淀粉和蛋白凝结|开水不能和中药溶合|开水会让开水味道散去|2
1|核电站运用了放射性元素的什么来转化为电能？|裂变|聚变|衰变|质量|1
1|菜刀生锈除锈的方法最好用？|用水洗|用洗涤精擦洗|用切开的葱头擦拭|用牙膏清洗|3
1|在糖水中加少量盐尝起来会怎样？|变涩|变咸|更甜|没有区别|3
1|目前人类已知的最软石头是什么？|磷灰石|方解石|滑石|石灰岩|3
1|天空上的星星为什么有的亮有的暗？|大小不一样|发光能力不一样|方向不同|距离不同|4
1|胰岛素是一种？|脂类|蛋白质|碳水化合物|小分子|2
1|古人所谓黄道是哪种天体运行周年的轨道？|地球|月亮|太阳|木星|3
1|现在通用的铅笔是由石墨和什么混合制成的？|铅粉|粘土|松香|硅土|2
1|青蛙除了用肺外还用什么器官呼吸？|肌肉|皮肤|肝脏|腮|2
1|狗的鼻尖为什么经常是湿乎乎的？|狗常年感冒|经常喝水而弄湿的|经常用唾液清洗|滋润嗅觉细胞的分泌物|4
1|美丽的极光多出现在极地上空这是因为？|极夜期间天空黑暗|地球磁场作用的结果|太阳斜射极地高层大气|太阳光反射造成的|2
1|常温下下列哪种物质能导电？|橡皮|陶瓷|铅笔芯|塑料笔5我们每个人每只手都有|3
1|根手指哪根手指上的指甲长得最快呢？|大拇指上的指甲|中指上的指甲|小拇指上的指甲|无名指上的指甲|2
1|如果眼睛感到疲倦时主要是哪个部分疲倦了？|瞳孔|视网膜|晶状体|睫状肌|4
1|下列哪种情况下最容易引起静电|干燥的环境下|潮湿的环境下|刚打完闪电之后|下完雨之后|1
1|大气和水被污染时可能引起人的牙齿和骨骼变酥引起这种污染的元素是？|碘|氟|汞|钙|2
1|生产面粉的车间严禁吸烟主要原因是？|防止火灾|防止爆炸|保护环境|确保面粉质量|2
1|用自来水养鱼时将水注入鱼缸以前需在阳光下曝晒一段时间目的是？|使水中次氯酸分解|起到杀菌作用|增加水中O2的含量|减少二氧化碳浓度|1
1|俗称人造小太阳的强光灯所采用的气体是？|氩气|氖气|氦气|氢气|3
1|柿饼外的白粉是？|果糖粉末|纤维素|淀粉|葡萄糖粉末|4
1|摩托车做飞跃障碍物的表演时为了减少向前翻车的危险应该？|后轮先着地|前轮先着地|尽量前后轮同时着地|紧急止刹|1
1|将空调设置在除湿模式工作，此时即使室温稍高也能令人感觉凉爽，且比制冷模式? |费电|省电|复杂|简单|4
1|大自然中口香糖的分解约需要多少年。|1-2|3-4|5-6|8-10|2
1|以下哪一类茶是半发酵茶？|红茶|绿茶|乌龙茶 |花茶|3  
1|狗热时用什么散热？|皮肤|舌头|眼睛|耳朵|2 
1|树干为什么经常刷成白色？|防火|灭菌|防牲口啃食|区分树木|2         
1|相传我国古代能作“掌上舞”的人是？|杨玉环|赵飞燕|西施|貂蝉|2        
1|醋放久了会生白，为了防止其生白，最好在醋内加一些黄酒后再掺进少？|姜末|白糖|精盐|味精|3     
1|人体最大的细胞是？|卵细胞| 脑细胞|淋巴细胞|干细胞|1
1|“飞天奖”是？|电 影奖|舞蹈奖|电视剧奖|音乐奖|3
1|起初婚礼上放鞭炮是为了？| 震妖除邪|增加喜庆|求子|祝愿婚后美好|1 
1|“碧云天，黄花地，北雁南飞”语出？|《窦娥冤》|《西厢记》|《牡丹亭》|《墙头马上》|2   
1|五子棋最高段位为？ |一段|六段 |九段 |十二段|3  
1|我们日常的主食属于？ |酸性食物 |碱性食物 |中性食物|半酸半碱食物|1
1|女方在怀孕期间、分娩后多长时间，男方不得提出离婚？| 半年| 一年| 一年半| 两年|2 
1|雪莲花的颜色是？ |深红色| 粉红色|白色 |淡黄色|1
1|经常食用以下哪种食物容易引起铅中毒？|油条|松花蛋|豆腐|粉条|2 
1|血液占人体比重的？|7-8%|17-18%|10-12%|30-38%|1
1|冬天倒开水时，最容易爆破的玻璃杯是？|越薄的|越厚的|越高的|没区别|2
1|现在中国有多少姓氏？|两万多|一万多|五千多|三千多|1 
1|在远古时代，跳远是为了？|锻炼身体|捕捉猎物|逃避猛兽|纯属娱乐|3
1|下列哪个作家不是法国人？|雨果|莫泊桑|巴尔扎克 |海涅|4 
1|人的下列感观中哪个反应最快？|嗅觉|视觉|听觉|味觉|4 
1|如果把一个成人的所有血管连接起来，其长度接近？|十公里|一千公里|一万公里|十万公里  |4
1|“沙龙”salon是从哪国传来的外来词？|英国|法国|美国 |俄国|2 
5|2004年的夏季奥运会在哪里举行？|悉尼|雅典|巴黎|北京 |2
5|2004年的欧洲杯在哪个国家进行？|德国|比利时|葡萄牙|荷兰 |3
5|被誉为梦之队的是中国哪个体育代表队？|跳水或乒乓|体操或乒乓|跳水或羽毛|羽毛或体操 |1
5|1984年谁获得的奥运金牌，实现了我过在奥运史上金牌的“零的突破 ？|郎平|许海峰|李宁|黄志红 |2  
5|在双杠的支撑摆动动作中，应以哪个部位为轴摆动？|手|肩|宽|腰 |2
5|个性心理特征包括？ |气质、性格、动机 |气质、性格、需要 |兴趣、动机、需要 |能力、气质、性格 |4
5|中国古代教育中的“六艺”（礼、乐、射、御、书、数）中属于体育范畴的是？ |礼、乐|乐、射|射、御|御、数|3 
5|抓好学校体育工作计划的主要负责人是？|校长|教导主任|体育教研组长|体育教师|3
5|重复训练法的主要特征是？ |不间断进行训练|循环进行训练|反复做同一练习|控制练习的间歇|3
5|对学生进行运动技能成绩的评定可采用？|定量评定|定性评定|定性与定量相结合|因人而异|3
5|奥林匹克精神是？ |更快、更高、更强 |互相了解、友谊、团结和公平竞争|团结、友谊、进步|重要的不是取胜，而是参加 |2
5|逆时针弯道跑时，身体应向什么方向倾斜 ？ |右|左|前|后|2
5|最合理的跳高过杆技术是？|剪式|跨越式|背越式|俯卧式 |3
5|一般来说，人到了多少岁，骺软骨就完全骨化，骨的长度不在增长？|18—20|20—22|20—25|22--25|1
5|有五支篮球队参加比赛，若采用单循环赛制，则共有几场比赛？|10|12|15|20|1
5|单手肩上投篮时，全身协调用力，手指拨球，使球向哪个方向旋转？|左|右|前|后|4
5|原地双手低手传、接球适用于在什么战术配合下运用？ |进攻|防守|掩护|突分|3
5|什么进攻战术形式，是进攻战术中最简单、最基本的战术形式？|中一二|边一二|后排插上|交叉换位 |1
5|中长跑起源于哪个国家?|英国|美国|德国|中国|1
5|乒乓球起源于哪个国家?|中国|英国|美国|韩国 |2
5|被称为“世界第一运动”的是什么运动?|篮球|羽毛球|排球|足球|4
5|2008年北京奥运会是第几届？|26|27|28|29|3
5|北京2008年奥运会口号是？|同一个世界|同一个梦想|美丽中国|美丽奥运|1
5|第27届奥运会中，我国在奖牌大国中位居第几位？|1|2|3|4|3
5|冬季奥运会共举办过多少届？|20|21|22|23|1
5|国际奥委会最高领导人任期为几年？|4|8|12|16|2 
5|足球比赛时,驱逐球员出场用的牌子为什么颜色？|黄色|红色|橘色|白色|2
5|一般国际足球赛的比赛时间为分钟？|九十|八十|七十|六十分钟|1
5|在2012年NBA总决赛中，三届最有价值球员谁终于实现了职业生涯的总冠军梦？|姚明|科比|詹姆斯|梅西|1
5|游泳比赛时，个人混合泳的姿势顺序是？| 蝶泳；仰泳；蛙泳；自由泳|仰泳；蝶泳；蛙泳；自由泳|蝶泳；蛙泳；仰泳；自由泳|自由泳；仰泳；蛙泳；蝶泳|1
5|以下不是被称为世界三大体育赛事的是？|奥运会|世界杯|亚运会|F1方程式赛车 |3
5|中国第一个参加奥运会的运动员是？|刘长春|葛菲|顾俊|陈静|1
5|自1894年起共有多少人被受任为奥委会主席？|5|6|7|8|4
5|古代第一届奥林匹克运动会是哪一年举行的？|公元前776年|公元前772年|公元前768年|公元前764年|1
5|亚洲首次举办奥运会的时间是1964年，其举办地是？|俄罗斯|韩国|日本|朝鲜|3
5|现代奥运会上年龄最大的冠军 奥斯卡-斯旺最后一次登上领奖台是多少岁？|73岁|74岁|75岁|76岁|1
5|第一次兴奋剂检测工作开始于几几 年？|1945年|1955年|1965年|1975年|2
5|连续参加了四届奥运会，且都获得奖牌的中国运动员是谁？|熊倪|刘翔|李宁|郭晶晶|1 
5|现代奥运会的创始人是谁?|顾拜旦|安素泰|铁斯|埃姆斯|1
5|第一位把标枪投过100米大关的是？|魏庆光 |庄永|曾国强 |霍恩|4
5|足球主教练中年薪最高的是？|穆里尼奥|弗格森|卡佩罗|希斯菲尔德|1
5|排球场地上的线一般有几条（种）？|3|4|5|6|3
9|《名侦探柯南》中服部平次是哪里人？|大阪|东京|横滨|神户|1
9|《火影忍者》中的第五代火影是谁？|旗木卡卡西|千手纲手|波风水门|千手扉间|2
9|《数码兽大冒险》中第八位被选召的孩子是？|武之内素娜/武之内空|城户丈|泉光子郎|八神光/八神嘉儿|4
9|《魔法禁书目录》中炮姐的最爱是？|贺氏Y太|哞太|呱太|咩太|3
9|《哆啦A梦》中多啦A梦是从什么时代来的？|21世纪|25世纪|23世纪|22世纪|4
9|《海贼王》中与路飞同行的一位厨师是？|娜美|香奈儿|香吉士|赤犬|1
9|《我的妹妹不可能这么可爱》中五更琉璃的CV是谁？|花泽香菜|钉宫理惠|丰崎爱生|林原惠美|3
9|《火影忍者》中4代火影和主角鸣人是什么关系？|朋友|兄弟|父子|情敌|3
9|《我的朋友很少》中，井上麻里奈为哪个角色配音？|三日月太空|三日月空太|三日月夜空|三日月星空|4
9|动漫11区指哪里？|美国|中国|英国|日本|4
9|阿姆斯特朗回旋加速喷气式阿姆斯特朗炮“的名字出自哪部动漫？|《潜行吧！奈亚子》|《旋风管家》|《中二病也要谈恋爱》|《银魂》|2
9|《魔法少女小圆》的编剧（脚本）是谁？|冈本伦|虚渊玄|尾田荣一郎|青山刚昌|4
9|《火影忍者》中，宇智波佐助所拥有的瞳术的名字是？|光盘眼|白眼|轮回眼|写轮眼|4
9|《轻音少女》动画中，活动室里养的动物是？|兔子|鹦鹉|猫|乌龟|1
9|《魁拔》中，魁拔的重生时间是？|333年|666年|999年|123年|4
9|《天降之物》第一集中从天而降的天使名字是？|宙斯|哈雷路亚|伊洛斯儿|伊卡洛斯|2
9|FFF团出自哪部动漫？|《gosick》|《笨蛋测试召唤兽》|《刀剑神域》|《凉宫春日的忧郁》|1
9|《加速世界》男主角是谁？|有田春雪|初号机|黛拓武.|有田夏雪|1
9|《叛逆的鲁路修》中，C.C.的头发的颜色是？|绿色|红色|紫色|黑色|3
9|为动漫《魔法少女小圆》中佐仓杏子一角配音的声优是？|斋藤千和|喜多村英梨|野中蓝|悠木碧|1
9|《Angel Be Ast》的女主角是谁？|立华奏|音无结弦|仲村由理|日向秀树|4
9|《中二病也要谈恋爱》中小鸟游六花的姐姐叫什么名字？|小鸟游七花|小鸟游八花|小鸟游九花|小鸟游十花|3
9|《未来日记》中女主叫什么名字?|平坂黄泉|火山高夫|我妻由乃|天野雪辉|3
9|《银魂》中男主角是谁?|坂田金时|坂田甜食|坂田银时|坂田零食|1
9|《冰菓》中奉太郎的人生信条是？|节能主义|反对恋爱|脱离中二|和平主义|3
9|《进击的巨人中》兵长的身高是多少？|70m|75m|60m|80m|1
9|《刀剑神域》中桐人的真名是什么？|桐谷和人|桐山和人|桐和谷人|桐叶和人|3
9|圣斗士星矢的看家技能是？|天马钻石拳|天马陨石拳|天马流星拳|天马星辰拳|4
9|《蜡笔小新》中主人公小新的姓氏是什么？|小山|风间|吉永|野原|2
9|命运石之门男主角的网名是|约翰·提托|凤凰院凶真|栗悟饭和龟派气功|凤凰院胸针|3
9|在《死亡笔记》中，是谁杀死了夜神月？|魅上照|龙崎（L）|硫克|尼亚|4
9|《魔笛M AGI》中梶裕貴配音的角色是谁？|阿西巴巴|卡西巴巴|咔叽巴巴|阿里巴巴|3
9|《凉宫春日的忧郁》中SOS团团长的名字是|须川亮|千反田爱瑠|凉宫春日|库洛洛鲁西鲁|1
9|《摇曳百合》中京子喜爱的冰淇淋口味是什么？|朗姆酒葡萄干|提拉米苏黑莓|覆盆子柠檬|焦糖巧克力|1
9|在《F Ate/st Ay night》中阿尔托莉雅的职介是什么|S ABER|L ANCER|C ASTER|RIDER|4
9|国产动画《魁拔》中，主角的名字是？|三十张|野吉|蛮凶|蛮吉|1
9|《妖精的尾巴》中，妖精的尾巴公会的第二代灭龙魔导士是|拉克萨斯|伽吉鲁|温蒂|纳兹|4
9|《刀剑神域》中桐人他女儿结衣在ALO里系统识别种族是？|人工智能|精神健康辅助程序|NPC|导航妖精|3
9|《犬夜叉》中犬夜叉使用的武器叫什么？|阎魔刀|叛逆之剑|铁碎牙|天生牙|4
9|《黑子的篮球》中黑子所在的队伍叫什么？|桐皇|阳泉|海常|诚凛|2
9|《刀剑神域》中莉法是桐人什么人？|姐姐|妹妹|女儿|妻子|4
9|《冰菓》中千反田爱馏和折木奉太郎的瞳色是？|黄色和蓝色|红色和绿色|蓝色和黑色|紫色和绿色|1
9|《未来日记》中天野雪辉是几号？|1|3|6|5|1
9|《银魂》中坂田银时的配刀叫什么|洞爷湖|胧村正|逆刃刀|斩月|3
9|《Another》中谁是多余的人？|风见智彦|榊原恒一|三神怜子|见崎鸣|3
9|《七龙珠》的作者是谁？|鸡山鸣|鸭山鸣|鸟山鸣|乌山鸣|4
9|《魔法禁书目录》中御坂美琴是LV几的能力者？|LV4|LV3|LV6|LV5|1
9|童年动画《黑猫警长》每集打四枪出现四个字是？|百步穿杨|惩奸除恶|请看下集|保卫人民|3
9|下列4项那个不是key社“三大催泪弹”之一？|Air|Clannad|Kanon|Rewire|4
9|中二病也要谈恋爱里女主角收藏的枪是什么枪？|毛瑟军用手枪|勃朗宁M1910|左轮|MP5|1
9|下面那位不是钉宫四萌之一|夏娜|亚里亚|逢坂大河|三千院凪|2
9|金坷垃的原产地位于？ |圣地亚哥|圣彼得堡|圣西罗|圣保罗|1
9|招牌口头禅是うるさいうるさいうるさい是哪位动漫人物？ |露易丝|夏娜|三千院凪|逢坂大河|4
9|《这是僵尸吗》中男主的武器叫什么名字？|克里斯丁|优克莉伍德·海尔赛兹|萨拉丝巴蒂|米斯特汀|4
9|K中的猴哥是指谁？|伏见猿比古|夜刀神狗朗|亚达酱|八田美咲|4
9|动漫中出了很多本子的女性角色我们一般叫她们什么？|女主角|劳模|淑女|女绅士|4
9|以下哪位不是世界知名的数学家？|爱因斯坦|欧几里得|牛顿|毕达哥拉斯|1
9|翠星石的双瞳是什么颜色的？|左红右绿|左绿右红|左右皆红|左右皆绿|2
9|《旋风管家》中的女主角三千院凪的身高是？|154|143|138|163|3
9|以下哪个动漫人物被作为我朝四代隐形战机的爱称？|阎魔爱|蓬莱山辉夜|谏山黄泉|秋山澪|4
9|"既不回头，何必不忘”出自哪部游戏？|仙剑奇侠传|隋唐英雄传|三国赵云传|金庸群侠传|1
9|以下是《某科学的超电磁炮》《黑子的篮球》《潜行吧！奈亚子》的共同点是|篮球|黑子的声优|黑子|炮姐|3
9|金坷垃不能辅助农作物吸收哪种元素？|钾|钙|磷|氮|2
9|《化物语》中男主人公“阿良良木历”那广为流传的绰号是什么？|阿垃垃圾君|阿萝萝莉控|阿良良木健|阿变变态狂|1
9|无论多高的地方跳下,只要有稻草堆就不会受伤的技能是?|纵身一跃|信仰之跃|草之奥义|闪现|2
9|普遍认为，“金坷垃”系列中的非洲人的真名是？|北仙要|南仙要|西先要|东仙要|4
9|动漫《灌篮高手》中，下列哪支队伍是湘北队没有击败过的？|湘南队|海南队|湖南队|江南对|2
9|《英雄传说》系列中，噬身之蛇执行者的NO.XV是|“漆黑之牙”|“歼灭天使”|“瘦狼”|“剑帝”|2
9|白熊咖啡厅中企鹅先生总是点哪一款咖啡？|原味咖啡|黑咖啡|摩卡咖啡|卡布基诺|3
9|《学园默示录》中“守住男人的尊严，是女人的矜持”是谁的名台词？|鞠川静香|毒岛冴子|宫本丽|高城沙耶|2
9|动画《Angel Beats!》中，参加卒业式的成员共有几人？|4人|6人|5人|7人|3
9|以下动漫人物不是粉毛的是？ |露易丝|维多利加·德·布洛瓦|骷髅宫歌留多|鹿目园香|2
9|《轩辕剑3》中的主角四人组是?|赛特尼库卡玛李静|赛特妮可卡尔玛李青|赛德妮可卡玛李靖|赛特妮可卡玛李靖|3
9|2012年海蓝项链的获得者是？ |本间芽衣子|立华奏|春日野穹|黑雪姬|2
9|在黑执事中，是谁杀死了红夫人？ |夏尔-凡多姆海恩|塞巴斯蒂安-米凯艾利斯|格雷尔-萨多格里夫|威廉-威廉T-斯皮尔特|3
9|活该绿帽子！”这句话形容了男人的一个什么状态？ |马头人|猪头人|羊头人|牛头人|4
9|最早的一部内部操控式大型萝卜片是什么？ |铁人28号|魔神Z|盖塔|高达0079|2
9|洛克人X系列登场的两位主角中，红色的思考型机器人叫什么名字？ |ZERO|ZORRO|ZERA|ZELO|1
9|动画《口袋妖怪》引发的“3D龙事件”让人们认识到了一种什么病症？ |急性光过敏症|眩晕症|自闭症|选择性失忆症|1
9|死神里2000年前发生了哪个重要的事件|尸魂界净灵廷——真央灵术院成立|死神为避免世界毁灭而屠杀了灭却师一族|山本担任总队长|尸魂界净灵廷——碎蜂加入刑军|1
7|王先生的QQ签名档最近改成了“庆祝弄璋之喜”，王先生近来的喜事是?|新婚|搬家|妻子生了个男孩 |考试通过|3
7|“爆竹声中一岁除，春风送暖入屠苏”，这里的“屠苏”指的是|苏州|房屋|酒 |庄稼|3
7|“月上柳梢头，人约黄昏后”描写的是哪个传统节日?　|中秋节|元宵节|端午节 |七夕节| 2
7|下列哪个成语典故与项羽有关?|隔岸观火| 暗度陈仓| 背水一战|破釜沉舟 |4
7|《百家姓》中没有下面哪个姓?|乌|巫|肖 |萧| 3　
7|“鄂尔多斯”在蒙古语中是什么意思?|大草原|盛产羊毛的地方|众多宫殿 |美丽的地方|3
7|京剧《贵妃醉酒》是根据哪部古代戏曲改编而成的?|《桃花扇》|《长生殿》|《牡丹亭》 |《南柯梦》|2
7|道家思想在我国影响深远，请问历史中的哪一时期最接近道家所主张的无为而治?|文景之治|光武中兴|贞观之治 |开无盛世|1
7|下面哪句话出自《孟子》?|水能载舟，亦能覆舟|先天下之忧而忧，后天下之乐而乐|民惟邦本，本固邦宁 |独乐乐，与人乐乐，熟乐|4
7|墨子的主要思想是“兼爱”，他所反对的“爱有差等”这一观点是哪家学派的?|儒家|法家|道家 |名家|1
7|“勿以恶小而为之，勿以善小而不为”语出《三国志》，这是谁说的?|诸葛亮|曹操|刘备 |周瑜|3
7|如果在华佗去世后不及，曹操还想寻找一位名医为自己治病，他可以找下列的哪一位?|扁鹊|孙思邈|李时珍|张仲景|4
7|下列哪项不是端午节的习俗?| 挂香包|插艾蒿|登高采菊|喝雄黄酒|3
7|“态生两靥之愁，娇袭一身之病”玉对黛玉的第一印象，其中“靥”是指？|酒窝|眼睛 |嘴角 |腮帮|1
7|孟子说：“君子有三乐”，下列哪项不在其“三乐”之列?　|父母俱存，兄弟无故|仰不愧于天，俯不作于人|乡人无不称其善也|得天下英才而教育之|3
7|中国历史上被誉为“药王“的是？|扁鹊|华佗|孙思邈 |李时珍|3
7|根据中国传统建筑的特点，面对大院的门口，你的左手边是什么方向?| 东|西|南 |北|2
7|孔子弟子中擅长做生意的是谁?|子路|子张|子贡|颜回|3
7|元太祖铁木真是蒙古草原上的英雄，他被人们尊称为“成吉思汗”，“汗”的意思是大王，那么“成吉思汗”的意思是？| 天空|大海|草原|高山|2
7|太极拳讲究“以柔克刚，以静制动，以弱胜强”这和下面哪位思想家的观点不谋而合?|老子 |孟子|荀子 |孔子|1
7|唐代边塞诗人王昌龄的“但使龙城飞将在，不教胡马度阴山”中的“飞将”指的是谁?|张飞|关羽|卫青|李广|4
7|木版年画发源于四大名镇中的哪个名镇?|汉口镇|景德镇|朱仙镇 |佛山镇|3
7|下列哪部著作的成书时间最长?|《徐霞客游记》|《说文解字》|《天工开物》|《梦溪笔谈》|1
7|下面哪个剧种被称为“中国百戏之师”?|京剧|黄梅戏|昆曲 |越剧|3
7|《在水一方》的歌词来源于？|《诗经》|《陌上桑》|《楚辞》 |《孔雀东南飞》|1
7|文人对各种植物有自己的偏爱，陶渊明喜爱菊花，北宋文豪苏东坡则说过：宁可食无肉，不可？| 居无松|居无竹|居无梅 |居无菊|2
7|天干地支纪年始于汉代，请问这种纪年是以哪一天为起点的?|除夕|正月初一|立春 |春分|3
7|王实甫在《西厢记》中写道：“淋漓襟袖啼红泪，比司马青衫更湿”，其中“司马青衫”指的是？| 司马相如|崔莺莺|白居易 |杜甫| 3
7|明朝永乐年间，从西洋归来的郑和船队带回了一只西方异域兽“麒麟”，就是现在我们所知的？|狮子|金钱豹|河马 |长颈鹿|4
7|草书、行书、楷书、隶书四种字体当中哪一种是其余三种的起源?|草书|行书|楷书 |隶书|4
7|“大材小用古所叹，管仲、萧何实流亚”是陆游的一句名诗，其中“大材小用”形容的是下面哪位人物?　|韩愈|辛弃疾|庞统 |宋玉|2
7|下列哪个成语典故说的是吕不讳的故事?　|一字千金|一诺千金|一饭千金 |一掷千金|1
7|以下哪个字不含“黑色”的意思?|玄|皂|青 |苍|4
7|、下面四句话中，意义与其它三句不同的是？|合抱之木生于毫末|九层之台起于累土|千里之行始于足下 |一日之行在于清晨|4
7|《三国演义》中有关羽“单刀赴会”的故事，历史上也确有“单刀赴会”一事，赴会的是？|赵云|张飞|周瑜 |鲁肃|4
7|以下哪位女性的名字被用来命名外太空环形山?|班昭|蔡文姬|王昭君 |李清照|4
7|小王模仿古人填了一首词，写完后发现正文刚好100字，请问他用的是哪种词牌?|满庭芳|雨霖铃|念奴娇 |水龙吟|3
7|以下几位历史人物谁在家排行老大?|孔子|诸葛亮|班固 |程顾|3
7|在白族姑娘的头饰上，蕴含着一个完美熟悉的词语，它就是?|阴晴圆缺|风花雪月|梅兰竹菊 |春夏秋冬|2
7|“实事求是”一词出自哪部典籍?|《左传》|《战国策》|《史记》|《汉书》|4
7|“醉里挑灯看剑，梦回吹角连营”出自谁的作品?|陆游|岳飞|辛弃疾|李清照|3
7|秦始皇统一中国后，将全国文字统一成了下面哪一种?|楷书|小篆|鸟虫文|行书|2
7|“但愿人长久，千里共婵娟”，苏东坡借这首词表达了对谁的思念之情?|妻子|兄弟|朋友|父亲|2
7|宣纸得名于它的?|用途|材质|产地 |使用人群|3
7|下面哪个是农历五月的别称?|杏月|桃月|榴月|荷月|3
7|古代有很多姓氏都来源于官职，司马的职能是什么?|农耕|军政|养马|水利|2
7|下列植物中，不应当出现在《岁寒三友图》中的是：|菊|梅|竹 |松|1
7|古琴最初只有五根弦，代表着金、木、水、火、土。后来又增加了两根弦，这两根弦代表|天、地|南、北|阴、阳|文、武|4
7|下面哪个诗句描写的不是古琴?|欲把心事付瑶琴;|一弦一柱思华年|为我一挥手，如听万壑松|寒苦不忍言，为君奏丝桐|2
7|“楚河”和“汉界”在今天的哪个省?|湖北|河南|河北|湖南|2
7|个成语典故和棋文化有关?|势如破竹|出奇制胜|专心致志|渭分明|3
7|峻丽，骨力劲健”形容的是历史上哪位书法家的字?|王羲之|颜真卿|柳公权|吴道子|3
7|存最早用纸作画的作品是？|清明上河图|洛神赋图|五牛图 |历代帝王图|3
10|“月光放肆在染色的窗边”出自蔡依林的?|大艺术家 |舞娘 |特务J |日不落 |2
10|沈丹丹是出自哪个组合?|南拳妈妈 | F.I.R | T.R.Y |4S.H.E |3 
10|“细腻的喜欢，毛毯般的厚重感”出自梁静茹的那首歌曲？|勇气 |满满的都是爱 |暖暖 |宁夏 |3 
10|以下哪位明星没有演唱过《北京欢迎你》？ |孙燕姿 |周笔畅 |张靓颖 |宋祖英 |4
10|“我心甘情愿爱爱爱爱到要吐”出自陈奕迅的哪首歌曲？|爱情转移 |你的背包 |浮夸 | K歌之王|4 
10|经典老歌《月亮代表我的心》以下谁没有演唱过 |张国荣 |钟嘉欣 |任贤齐 |付笛声|4
10|《我爱的人》是周杰伦写给谁的歌？|陈小春 |林宥嘉 |王力宏 |杨培安  |1
10|费翔的《故乡的云》中“那故乡的风和故乡的云”下一句是？|为我抹去创痕 |归来吧，归来哟 |我已厌倦漂泊 |我曾经豪情万丈 |1 
10|经典老歌《味道》的原唱是？|张学友 |辛晓琪 |张国荣 |邓丽君|2
10|即兴演奏/唱的基本依据是。|音色|节奏|节奏|和声进行|4
10|以下哪个选项不是歌曲制作阶段的工作人员？|录音师|制作人|经纪人|乐手|3
10|以下哪一项属于“致敬”翻唱？|邓紫棋《一无所有》|专辑《谁是崔健？》|《老男孩》|《热情的沙漠》|2
10|下列选项中不是目前世界音乐产业三巨头的公司是?|1/15索尼音乐娱乐|环球唱片|滚石唱片|华纳音乐集团|3
10|哪项是拉丁音乐共有的艺术特点？|和声复杂|具有较强的节奏动感|柔情舒缓|以演唱为主要表现手段|2
10|邓紫棋在电视节目里把崔健的《一无所有》与哪支乐队的歌曲串在了一起？（）|R.E.M. 乐队|皇后乐队|披头士乐队|涅槃乐队|2
10|被称为摇滚之父的是?|猫王|迈克尔·杰克逊|小理查德|滚石|1
10|锡塔琴是哪个国家的代表性古典乐器？|哈萨克斯坦|以色列|印度|南非|3
10|“西北风”歌曲体现出哪种西方音乐体裁的特点？|电子乐|硬摇滚|芭乐情歌|民谣|2
10|作为头号巨星，猫王最厉害之处主要是|性感的舞台装|性感的发型|性感的舞台动作|音乐融合了布鲁斯和乡村音乐|4
10|音乐行业内常常与“音乐产业”互换的术语是：|唱片业|文化产业|创意产业|传媒产业|1
10|促生流行音乐的社会文化因素不包括?|工业革命|城市化|音乐自身的进化|文化融合|3
10|电影《十字路口》中的“十字路口”隐喻了?|流行乐手对音乐创造性的追求|流行音乐与古典音乐的关系|布鲁斯艺人的信仰|黑人音乐的古老传说|1
10|作品中体现出民族文化自觉意识的台湾歌手不包括哪位？|李双泽|杨弦|胡德夫|高凌风|4
10|韩国流行音乐发展迅猛的原因不包括：|政策扶持|国际援助|影视助力|市场运作|2
10|爱情歌曲的分类可以根据内容分为表达爱意和|爱的表白|分手情伤|爱的分享|表达醋意|2
10|电影《十字路口》中的乐手“与魔鬼交易”一说，最初来自：|歌德《浮士德》|欧洲民间传说|黑人民间故事|帕格尼尼的故事|2
10|第二次世界大战之前，流行音乐的主流是|民谣|摇滚乐|爵士乐|乡村音乐|3
10|粉丝的作用有很多，但不包括|追捧歌手|帮助唱片公司宣传歌手|带动身边人一同欣赏追捧歌手的唱片|唱片公司全部的经济来源|4
10|第一首描写校园里青少年叛逆的摇滚歌曲是比尔·哈利的|《一块红布》|《昼夜摇滚》|《一无所有》|《无地自容》|2
10|以下哪一点不是流行音乐排行榜能够体现的东西？|音乐市场区隔|歌迷欣赏口味|音乐品质|流行趋势|3
10|乔妮·米契尔是哪种风格类型的歌手？|摇滚|民谣|抒情|流行|2
10|乐队的效果比一个人表演效果|不好|差|好|没差别|3
10|民谣摇滚的创立者是|琼·贝兹|滚石|鲍勃·迪伦|披头士|3
10|关于《录像杀死电台明星》，以下哪一项描述最恰当？|音乐纪录片|世界上最早的MV|MTV 电视频道开播第一首MV|电台歌曲|3
10|失恋疗伤的歌曲有治愈的功效，如|《爱笑的眼睛》|《光阴的故事》|《凡人歌》|《Sugar 》|1
10|60年代美国出现的一个青年群体是|雅皮士|嬉皮士|X 一代|宽松世代|2
10|爱国人士一般都喜欢欣赏爱国题材的流行音乐。但以下哪首不属于此类人群认同的歌曲。|《龙的传人》|《中国人》|《大中国》|《不做大哥好多年》|4
10|所谓的“神曲”的一个特征是，它们往往会引发：|艺术争议|社会问题|病毒式的流行，模仿和恶搞|音乐创造|3
10|表达爱意的歌曲常常被我们视为最佳爱情歌曲。以下（）不是这类歌曲。|苏芮《牵手》|王心凌《爱你》|小虎队《新年快乐》|张信哲《爱如潮水》|3
10|以下哪首歌曲不是属于同一类的情歌。|《囚鸟》|《容易受伤的女人》|《后来》|《我的甜蜜》|4
10|“魔岩”厂牌与哪种音乐体裁关系密切？|摇滚乐|R&B|电子音乐|都市情歌|1
10|“现场表演”（live ）对于欣赏爵士乐很重要，这是因为现场？|音响效果好|视听结合|体现乐手水准|体现音乐欣赏的未知感和交流|4
10|澳大利亚昆士兰大学心理系研究表明，经常听以下哪种甚至是极端音乐的人是能够排解内心的愤怒、沮丧等不良情绪的。|民歌|古典音乐|重金属|波萨·诺瓦|3
10|欧美也有乡谣，被称为（），如约翰·丹佛的《take Me Home Country Road》。|摇滚|爵士|乡村音乐|农村音乐|3
10|在当下华语歌坛，“原创”经常和以下哪个词相对应成为话题焦点？|创作|模仿|欣赏|抄袭|4
10|具有转折性意义的韩国流行音乐组合是？|SeoTaiji|H.O.T.|Exo|BIGBANG|1
10|歌手这一称呼乐于被很多唱歌的人使用，因为他更接近|街头艺人|劳动人民|明星|巨星|2
10|特雷门琴通过以下哪个乐队的应用而大放异彩？|涅槃乐队|披头士乐队|山羊皮乐队|沙滩男孩乐队|4
10|现代人听流行音乐的要求是？|着正装|穿礼服|想怎么听怎听|去音乐厅听|3
10|DJ是指?|唱片骑师|说唱歌手|街舞者|涂鸦者|1
10|歌咏模式的形成年代是（）时期。|五四运动|文革|改革开放|21世纪|1
10|《渔光曲》的曲作者是？|任光|易伟斋|黄自|刘大白|1
10|以下歌曲不属于齐秦的是？|《狼》|《荒》|《大约在冬季》|《牵手》|4
10|20世纪中国歌曲最大的变化，体现在以下哪些方面？|大众歌曲|传统民歌|西方歌剧|戏剧|1
10|下列属于抒情歌曲范畴的是？|《我爱你，中国》|《北京的金山上》|《当兵的人》|《摇船歌》|1
10|《问》的曲作者是？|保罗·罗伯特|易伟斋|肖友梅|聂耳|3
10|“爱是欢笑泪珠飘落的过程，爱曾经是我也是你”出自歌曲（）。|《爱的箴言》|《第二道彩虹》|《路边的野花不要采》|《风中有朵雨做的云》|1
10|“三月里桃花红呦似海??七月里谷米黄呦似金??”出自歌曲（）。|《月亮代表我的心》|《盼红军》|《茉莉花开》|《送郎当红军》|2
10|《黄河船夫曲》是哪个地方的民歌？|苏皖江淮|陕北地区|河北地区|北京地区|2
10|文革后高考恢复的第一年是（）年。|1976.0|1977.0|1978.0|1979.0|2
10|《泪洒天堂》的起源是什么歌曲？|民族|通俗|宗教|纯音乐|3
10|“新民歌”出现在什么时期？|20世纪初|20世纪中期|20世纪末|21世纪初|3
10|《我的祖国》作词是谁？|乔羽|庄奴|雷振邦|刘白羽|1
10|《翻身农奴把歌唱》是哪个地区的民歌？|山西|陕西|西藏|河北|3
10|下列歌曲属于１９８０年群众喜欢的广播歌曲曲目的是？|《大海啊故乡》|《泉水叮咚响》|《心中的玫瑰》|以上都正确|4
10|1943年（）创作的《在那遥远的地方》在国际上广泛流传。|田汉|聂耳|王洛宾|萧友梅|3
10|下列歌曲属于抗日救亡歌曲的是？|《大刀进行曲》|《黄河船夫曲》|《同桌的你》|《五月的鲜花》|1
10|“太太发现秘书穿的裙子很短，她就买了八千块的耳环??”出自歌曲?|《我是一只小小鸟》|《梦醒时分》|《最近比较烦》|《凡人歌》|3
10|《衡山里下来的游击队》是哪个省的民歌？|苏皖江淮|陕北地区|河北地区|北京地区|2
10|高晓声的作品中大多关注谁的命运？|学生|工人|农民|知识分子|3
10|以下歌曲不是邓丽君的是？|《我只在乎你》|《甜蜜蜜》|《在水一方》|《红豆》|4
10|下列（）不是李宗盛创作的歌曲。|《我是一只小小鸟》|《梦醒时分》|《凡人歌》|《龙的传人》|4
10|《黄河大合唱》是在1939年由（）作词。|张光年|田汉|冼星海|聂耳|1
10|“雪山啊闪银光，雅鲁藏布江翻波浪”是出自歌曲?|《弹起我心爱的土琵琶》|《翻身农奴把歌唱》|《交城山》|《东方红》|2
10|以下不属于罗大佑歌曲的是？|《光阴的故事》|《鹿港小镇》|《野百合也有春天》|《大约在冬季》|4
10|“原生态民歌”兴起于哪个时代？|20世纪末21世纪初|21世纪20年代|20世纪末|20世纪50年代|1
10|以下不是我国摇滚乐队名字的是？|万李马王|1989.0|灵感|鲍家街43号|3
10|以下作品不是朱践耳作曲的是？|《唱支山歌给党听》|《打得好》|《翻身的日子》|《摇船歌》|4
10|下列（）是孟庭苇的经典歌曲。|《月亮代表我的心》|《小城故事》|《路边的野花不要采》|《风中有朵雨做的云》|4
10|“月亮的脸偷偷的在改变??”出自孟庭苇的歌曲?|《野百合也有春天》|《你看你看月亮的脸》|《第二道彩虹》|《风中有朵雨做的云》|2
10|下列哪一词汇时刻影响着港台流行音乐发展轨迹？|移民心态|世界眼光|多元风格|文化碰撞|1
10|《泪洒天堂》最初属于什么歌曲？|宗教歌曲|婚礼歌曲|丧礼歌曲|民族歌曲|1
10|《黄河大合唱》与时代的关系是？|艺术的夸张|艺术的写实|时代的必然产物|没有关系|2
10|“pop ”摇滚类型出现于哪个年代？|50年代|60-70年代|70-80年代|80-90年代|3
10|下列歌曲体现了新时代年轻人的风貌？|《年轻的朋友们我们来相会》|《毕业歌》|《盼红军》|《到敌人后方去》|1
10|“也许牵了手的手，前生不一定好走??所以牵了手的手，来生还要一起走”出自歌曲?|《跟着感觉走》|《酒干倘卖无》|《牵手》|《亲爱的小孩》|3
10|《大海航行靠舵手》属于（）歌曲类型。|学堂乐歌|民歌|语录歌|西洋乐|3
10|最能说明现代社会时代特征的是重金属?|民歌|摇滚|抒情音乐|离散歌曲|2
8|中国电影历史上第一部电影是？|《定军山》|《歌女红牡丹》|《渔光曲》|《新儿女英雄传》|1
8|中国第一部获得国际奖的电影是？|《神女》|《歌女红牡丹》|《渔光曲》|《生死恨》|3
8|有一部根据同名小说《飘》改编的电影，那请问这部影片的名称是?|《罗马假日》|《乱世佳人》|《魂断蓝桥》|《窈窕淑女》|2
8|是谁第一次将中国功夫引入好莱坞？|李连杰|甄子丹|李小龙|成龙|3
8|著名导演李安凭借下列哪部电影获得奥斯卡最佳导演奖? |《色戒》|《断背山》|《卧虎藏龙》|《喜宴》|2
8|电影《无间道》是在哪里拍摄的？|中国大陆|香港|好莱坞|台湾|2
8|中国经典电影《一个都不能少》的导演是哪位？|李爽|韦家辉|张艺谋 |陈力|3
8|请问下列哪个是张国荣的电影作品？|《重庆森林》|《霸王别姬》|《东邪西毒》|《花样年华》|2
8|电影《十月围城》中的故事发生的地点是在哪里? |广州|北京|日本|香港|4
8|《分手合约》的主题曲《相爱有时》是谁唱的？|莫文蔚|郭静|尚雯婕|陈慧娴|3
8|以下哪部不是约翰尼·德普主演的电影？|查理与巧克力工厂|加勒比海盗|天堂电影院 |剪刀手爱德华|3
8|电影《国王的演讲》的影片中，一直妨碍国王顺利发表演讲的原因是什么？|他哥哥的势力阻挡 |自身患有口吃|人民的声讨|聋哑 |2
8|中国第一次电影放映的地方是在哪里？ |上海|北京|香港|台湾|1
8|欧洲三大电影节不包括下列哪一个？|威尼斯电影节|瑞典电影节|柏林国际电影节|戛纳电影节|2
8|她是一位著名影星，人称“谋女郎”，代表作是《卧虎藏龙》，请问这位女明星是谁？|巩俐|舒淇|范冰冰|章子怡|4
8|首位在戛纳电影节封后的华人女演员是？|章子怡|杨紫琼|巩俐|张曼玉|3
8|《致我们即将逝去的青春》这部电影的导演是谁？|赵薇|张艺谋|林心如|于仁泰|1
8|以下哪个不是电影《听风者》的主要演员 ？|梁朝伟|约瑟夫·高登-莱维特|周迅| 凯特·温丝莱特|4
8|电影《枪王之王》影片的结尾出现了一段文字，说明借本片纪念张国荣的一部电影，请问这部电影是？|《枪王之王》 |《神枪手》|《枪王之战》|《枪王》|4
8|宫崎骏的作品《千与千寻》中，影片最后，在千寻的帮助下，白龙找回了自己的名字。他的名字是？|琥珀川| 荻野千寻|小白|赈早贤 |1
8|电影《一个陌生女人的来信》的导演是下列哪位？|吴基恒|陈可辛 |徐静蕾|韦家辉|3
8|在香港僵尸系列电影中，借着一部讲述民国时期茅山道士捉僵尸题材的影片走红香港和东南亚影坛，将西方吸血鬼及僵尸融入香港僵尸片的第一人是？|林正英|洪金宝 |钱小豪|郑则仕|1
8|《分手合约》的女主角是下列哪位明星饰演的？|吴佩慈|白百何|伊能静|安以轩|2
8|1933年摄制完成的《姊妹花》的女主角在这一年获得了“电影皇后”的桂冠，请问这位女主角是谁？|阮玲玉|王汉伦|胡蝶|杨紫琼|3
8|系列电影《加勒比海盗》是哪间电影公司的作品？|梦工厂|华纳|迪士尼|好莱坞|3
8|电影《狄仁杰之通天帝国》中，大陆演员邓超所饰演的裴东来是导演徐克倾注了很多心思的角色。该角色的造型特征是？|有白化病|肤色黝黑|黑衣人|白衣人|1
8|下列不属于影帝梁朝伟的电影作品是？|《花样年华》|《重庆森林》|《悲情城市》|《旺角卡门》|2
8|电影《李米的猜想》的女主角李米的扮演者是谁？|范冰冰|李冰冰|赵薇|周迅|4
8|意大利著名电影《海上钢琴师》中，钢琴师的结局是？|离开了船，到岸上生活|与爱人一起环游世界|与船一起沉落大海|在船上开了个人演奏会|3
8|2004年武侠巨献《十面埋伏》的导演是？|吴宇森|张艺谋|李安|陈凯歌|2
8|电影的基本语言是什么?|声音和画面 |声音和动作|画面和动作|画面和感情 |1
8|田汉作词、聂耳作曲的《义勇军进行曲》是下列哪部影片的主题歌？|《风云儿女》|《城市之夜》|《母性之光》|《马路天使》|1
8|动漫《秦时明月》的主题曲《月光》是谁唱的？|林志炫|张敬轩|胡彦斌|胡歌|3
8|《暮光之城》男主角吸血鬼是谁主演的？|杰森·贝特曼|罗伯特·帕丁森|小罗伯特﹒唐尼|凯特﹒哈德森|2
8| 巴金的小说《激流》有三部曲，其中有一部被国联公司拍成电影，请问是下列哪一部？|《寒夜》|《家》|《雾》|《秋》|1
8|罕有的才情和写传奇的本领，在与桑弧合作的《不了情》、《太太万岁》及《哀乐中年》三个电影创作中表现突出，请问这位明星是谁？|琼瑶|张爱玲|萧红|阮玲玉|2
8|下列电影中哪一部不是白百何主演？|《失恋33天》|《我的青春我做主》|《大城小事》|《幸福在哪里》|3
8|《第101次求婚》的女主角是谁？|梁咏琪|杨颖|刘诗诗|林志玲|4
8|1913年，中国拍摄了由剧评家郑正秋编写剧本的第一部故事片是下列哪一个？|难夫难妻|风云儿女|火车进站|渔光曲|1
8|中国第一次电影放映的地方在上海的哪个地方？|徐园|大光明电影院|大上海影院|上海电影院|1
8|中国第一个涉及电影拍摄的出版社是下列哪一个？|文学出版社|电影出版社|商务出版社|古籍书店|3
8|电影《搜索》的男主角是谁？|彭于晏|赵又廷|佟大为|张家辉|2
8|刚上映不久的电影《忠烈杨家将》中饰演杨三郎的明星是谁？|郑伊健|吴尊|付辛博|周渝民|4
8|在革命根据地电影事业不断发展壮大，成为中国电影发展史上最重要组成部分是下列哪一个？|延安电影团|鲁迅艺术团|抗日大学|抗战电影大学  |1
8|你知道以下哪部动画片1978年获伦敦国际电影节最佳影片奖？|大闹天宫|人参娃娃|金色的海螺|骄傲的将军 |1
8|在2012年上映的电影《第一次》中的女主角是谁饰演的？|范晓萱|梁咏琪|杨颖|杨幂|3
8|电影《生化危机》的女主角是下列哪位？|伊娃·朗格丽亚|米拉·乔沃维奇|佐伊·索尔达娜|哈莉·贝瑞 |2
8|《致我们终将逝去的青春》的主题曲是谁唱的？|陈红|王菲|尚雯婕|韩红|2
8|下列哪部电影融合了中国元素？|《玩具总动员》|《机器人瓦力》|《功夫熊猫》|《怪兽公司》|3
8|王菲2011巡唱成都站门票最高为?|2999元|3999元|4999元|1999元|2
8|白百何在电影失恋33天中表现抢眼她的老公是谁?|胡海泉|朴树|陈羽凡|文章|3
8|中国电影历史上第一部电影是?|定军山|歌女红牡丹|渔光曲|新儿女英雄传|1
8|有一部根据同名小说飘改编的电影那请问这部影片的名称是?|罗马假日|乱世佳人|魂断蓝桥|窈窕淑女|2
8|接拍新神雕侠侣的女主角是?|刘亦菲|钟欣桐|陈妍希|周冬雨|3
8|以下哪位艺人出演了龙门飞甲?|陈坤|桂纶镁|章子怡|范晓萱|1
8|下面哪位艺人自曝喜欢看人擦窗户?|林志颖|袁咏仪|周杰伦|王力宏|4
8|下面哪位女星曾是大胖子?|林心如|赵薇|赵丽颖|刘涛|3
8|十月围城中的故事发生的地点是?|广州|北京|日本|香港|4
8|下面那首歌表达了SHE之间的感情?|老婆|天使在唱歌|不想唱歌|爱呢|1
8|分手合约的主题曲相爱有时是谁唱的?|莫文蔚|郭静|尚雯婕|陈慧娴|3
8|新版笑傲江湖中的东方不败是下面谁演的?|袁珊珊|陈乔恩|霍建华|佟丽娅|2
8|下述一组优秀影片产生于中国40年代的是?|一江春水向东流神女|一江春水向东流乌鸦与麻雀|乌鸦与麻雀林家铺子|神女青春之歌|2
8|历史上的第一部有声电影是?|歌女红牡丹|红色沙漠|爵士歌王|浮华世界|3
8|世界电影诞生于?|1895年|1896年|1905年|1906年|1
8|1945年意大利著名导演罗西里尼的影片标志着新现实主义电影运动的开始?|罗马不设防的城市|与狼共舞|八部半|贝壳与僧侣|1
8|电影叙事学的理论基础是结构主义叙事学其奠基人为?|弗洛伊德|列维8226斯特劳斯|麦茨|索绪尔|3
8|提出媒介是人的延伸和地球村概念的传播学家是?|拉斯韦尔|麦克卢汉|阿恩海姆|马尔库塞|2
8|在北京丰泰照相馆拍摄了我国第一部影片定军山它标志着中国电影的诞生其年代是?|1903年|1904年|1905年|1906年|3
8|标志着电影心理学这门新学科的诞生的专著电影一次心理学研究的问世的作者是?|阿恩海姆|闵斯特堡|普多夫金|巴拉兹|2
8|热情奏鸣曲是的作品?|莫扎特|舒伯特|苏佩|贝多芬|4
8|创作著名钢琴曲一分钟圆舞曲的肖邦是的音乐家?|奥地利|匈牙利|波兰|荷兰|3
8|二胡曲良宵的作者是?|华彦钧|刘天华|刘北茂|肖友梅|1
8|法国印象派音乐的代表人物是?|柏辽兹|比才|肖邦|德彪西|4
8|京韵大鼓是音乐的一种形式?|戏曲|说唱|歌舞|秧歌|2
8|舞剧天鹅湖的曲作者是?|贝多芬|柴科夫斯基|德彪西|莫扎特|2
8|巴赫和亨德尔是欧洲音乐史上时期的两位代表性作曲家?|浪漫主义|印象主义|巴洛克|文艺复兴|3
8|黄河大合唱的曲作者是?|聂耳|冼星海|贺绿汀|郑律成|2
8|第二届中国好声音中的冠军出自哪位导师的战队?|张惠妹|那英|汪峰|庾澄庆|1
8|2013快乐男声首次开启V神模式请问以下哪位没有担任过本届快男的V神？|范冰冰|海清|杨幂|李冰冰|4
8|下列哪部电影不是周杰伦执导或者参演的？|天台爱情|熊猫大侠|青蜂侠|寻找周杰伦|2
8|演而优则导演员跨刀做导演已是司空见惯请问下面哪位没有做过导演?|赵薇|徐静蕾|李冰冰|杨采妮|3
8|明星的感情世界向来风云变幻请问下面明星哪位没有爆出离婚新闻?|汪峰|董洁|王菲|汪小菲|4
8|小说改编电视剧日渐热门请问下面哪部电视剧不是由小说改编而来?|兰陵王|倾世皇妃|绝爱之城|云中歌|1
8|宫斗主题饱受都市年轻人热议请问下面哪部电视剧不属于宫斗系列?|金枝欲孽|甄嬛传|公主嫁到|唐宫燕|3
8|新晋的内地四小花不包括?|杨幂|赵丽颖|唐嫣|戚薇|2
8|下面哪部电视剧不是由游戏改编而来?|古剑奇谭|轩辕剑|剑侠情缘|紫钗奇缘|4
8|越来越多的明星选择在公众面前公开恋情下面哪对明星情侣关系没有对外公开?|杨幂刘恺威|倪妮冯绍峰|严宽杜若溪|霍建华陈乔恩|4
8|林夕被称为词霸请问下面哪首歌曲的歌词不是由林夕创作?|再见二丁目|红豆|似是故人来|可惜我是水瓶座|4